"title";"name";"unit";"batch";"elapsed";"error %";"instructions";"branches";"branch misses";"total"
"ndsort benchmarks";"random n=100 m=2  deductive";"sort";1;1.15998850574713e-05;0.047399119893723;263310.043478261;40194.0206185567;38.6161616161616;0.012042056
"ndsort benchmarks";"random n=100 m=2  rank_intersect";"sort";1;8.22234027777778e-06;0.0278143219502679;116878.407407407;16560.1407407407;37.6940298507463;0.012472358
"ndsort benchmarks";"random n=100 m=2  merge";"sort";1;1.42047083333333e-05;0.00546250561810036;193645.37804878;31477.4342105263;244.5;0.012134562
"ndsort benchmarks";"random n=100 m=2  hierarchical";"sort";1;1.29247555555556e-05;0.00507555166184313;263371.044444444;43311.0111111111;59.4512195121951;0.01226271
"ndsort benchmarks";"random n=100 m=2  best_order";"sort";1;1.38429759036145e-05;0.00306853411720192;233691.658227848;39775.4743589744;114.088607594937;0.012172674
"ndsort benchmarks";"random n=100 m=2  efficient_binary";"sort";1;5.52749038461539e-06;0.00286118938402461;105317.254143646;22525.1682692308;77.3221153846154;0.012048884
"ndsort benchmarks";"random n=100 m=2  efficient_sequential";"sort";1;5.47697487437186e-06;0.00226280587999188;109719.252380952;23689.7333333333;76.0518867924528;0.012076013
"ndsort benchmarks";"linear_front n=100 m=2  deductive";"sort";1;1.47402567567568e-05;0.00370829629917474;423629.067567568;56549.027027027;111.289855072464;0.012070673
"ndsort benchmarks";"linear_front n=100 m=2  rank_intersect";"sort";1;6.33041711229947e-06;0.00615684178303772;89862.3076923077;11146.4615384615;12.0395480225989;0.012002545
"ndsort benchmarks";"linear_front n=100 m=2  merge";"sort";1;9.50088524590164e-06;0.00483498496285914;145254.634782609;21914.5573770492;35.6393442622951;0.012201073
"ndsort benchmarks";"linear_front n=100 m=2  hierarchical";"sort";1;1.33094594594595e-05;0.0323922908314806;304238.048192771;42881.0120481928;252.880952380952;0.012481081
"ndsort benchmarks";"linear_front n=100 m=2  best_order";"sort";1;1.2457369047619e-05;0.027938936722126;188389.465116279;30919.0689655172;84.4606741573034;0.012116093
"ndsort benchmarks";"linear_front n=100 m=2  efficient_binary";"sort";1;8.95581102362205e-06;0.00694969166648688;160086.007751938;36319.9769230769;151.938461538462;0.012463167
"ndsort benchmarks";"linear_front n=100 m=2  efficient_sequential";"sort";1;8.30247286821706e-06;0.0309222101560078;158300.5078125;35985.625;109.074074074074;0.011562479
"ndsort benchmarks";"sphere_front n=100 m=2  deductive";"sort";1;1.48796911764706e-05;0.00303012211415855;423836.057142857;56587.0142857143;108.875;0.012003365
"ndsort benchmarks";"sphere_front n=100 m=2  rank_intersect";"sort";1;5.75442995169082e-06;0.00418640657450758;90800.0211640212;11339.0052910053;12.0505617977528;0.012038513
"ndsort benchmarks";"sphere_front n=100 m=2  merge";"sort";1;8.73615037593985e-06;0.00849967700246202;145125.871212121;21880.3333333333;37.5909090909091;0.012174184
"ndsort benchmarks";"sphere_front n=100 m=2  hierarchical";"sort";1;1.28062696629213e-05;0.00173369813832668;303748.047619048;42756.0119047619;259.9;0.012119612
"ndsort benchmarks";"sphere_front n=100 m=2  best_order";"sort";1;1.13329680851064e-05;0.00426799364314507;189176.495049505;31081.6732673267;83.6764705882353;0.012034654
"ndsort benchmarks";"sphere_front n=100 m=2  efficient_binary";"sort";1;8.44947058823529e-06;0.0041648461905412;158029.007352941;35802.3161764706;103.297872340426;0.012067846
"ndsort benchmarks";"sphere_front n=100 m=2  efficient_sequential";"sort";1;8.31077142857143e-06;0.00577349482609402;156206.152671756;35473.1755725191;110.825174825175;0.012270852
"ndsort benchmarks";"striated n=100 m=2  deductive";"sort";1;3.96424642857143e-05;0.0174239485368739;589316.75862069;87106.5862068966;413.148148148148;0.012480668
"ndsort benchmarks";"striated n=100 m=2  rank_intersect";"sort";1;1.38781923076923e-05;0.0117871363024964;205749.430555556;36167.6388888889;60.3544303797468;0.012141863
"ndsort benchmarks";"striated n=100 m=2  merge";"sort";1;2.02512592592593e-05;0.0019631943301444;266331.490196078;46262.2156862745;177.140350877193;0.012103182
"ndsort benchmarks";"striated n=100 m=2  hierarchical";"sort";1;5.15211739130435e-05;0.00340884526394898;917104.05;163263.130434783;1030.14285714286;0.011848975
"ndsort benchmarks";"striated n=100 m=2  best_order";"sort";1;2.33135333333333e-05;0.00101142480004217;442532.511111111;74556.4666666667;167.32;0.011733428
"ndsort benchmarks";"striated n=100 m=2  efficient_binary";"sort";1;6.66806976744186e-06;0.00459804708693143;131115.02247191;28318.0056179775;26.3488372093023;0.012011645
"ndsort benchmarks";"striated n=100 m=2  efficient_sequential";"sort";1;1.05495048543689e-05;0.00283278467272622;233994.036697248;54362.0091743119;109.148514851485;0.012121844
"ndsort benchmarks";"random n=500 m=2  deductive";"sort";1;0.000395904;0.00707704392341797;4522647.83333333;715556.4;38835.6;0.023803082
"ndsort benchmarks";"random n=500 m=2  rank_intersect";"sort";1;2.7878e-05;0.00849066488259853;483701.648648649;73837.1891891892;185.285714285714;0.012149923
"ndsort benchmarks";"random n=500 m=2  merge";"sort";1;0.000128209777777778;0.00549872960385008;1467630.66666667;263607.333333333;3108.44444444444;0.012117683
"ndsort benchmarks";"random n=500 m=2  hierarchical";"sort";1;0.0002908888;0.00370396781398728;3767609;611073.166666667;20015.2;0.017651385
"ndsort benchmarks";"random n=500 m=2  best_order";"sort";1;9.5263e-05;0.0126389863299105;1344373;236082.181818182;3044.63636363636;0.011599536
"ndsort benchmarks";"random n=500 m=2  efficient_binary";"sort";1;3.50802424242424e-05;0.00271108809044122;634191.78125;139541.444444444;749.636363636364;0.01147554
"ndsort benchmarks";"random n=500 m=2  efficient_sequential";"sort";1;3.72847586206897e-05;0.0055588185194673;702513.827586207;156876.612903226;1084.83870967742;0.011964405
"ndsort benchmarks";"linear_front n=500 m=2  deductive";"sort";1;0.000350414666666667;0.00341406125914798;10410216.8;1381105.4;511;0.02105095
"ndsort benchmarks";"linear_front n=500 m=2  rank_intersect";"sort";1;1.82398095238095e-05;0.000684152316609543;339529.412698413;47371;56.0625;0.012085942
"ndsort benchmarks";"linear_front n=500 m=2  merge";"sort";1;3.22953243243243e-05;0.00609561593123491;594296.029411765;95638.3529411765;297.371428571429;0.011856877
"ndsort benchmarks";"linear_front n=500 m=2  hierarchical";"sort";1;0.0002817612;0.00144372767500137;6991252.8;965520;4652.66666666667;0.016952282
"ndsort benchmarks";"linear_front n=500 m=2  best_order";"sort";1;9.49498333333333e-05;0.0142646645153541;1610210.91666667;290272.666666667;887.333333333333;0.012221902
"ndsort benchmarks";"linear_front n=500 m=2  efficient_binary";"sort";1;0.000127275333333333;0.0114462060105162;2409191.625;584234.444444444;747.666666666667;0.011775737
"ndsort benchmarks";"linear_front n=500 m=2  efficient_sequential";"sort";1;0.0001107538;0.048187966758622;2401468.33333333;582962;804.666666666667;0.011872675
"ndsort benchmarks";"sphere_front n=500 m=2  deductive";"sort";1;0.000353911333333333;0.0056287644754;10410262.8;1381112;516.5;0.021246297
"ndsort benchmarks";"sphere_front n=500 m=2  rank_intersect";"sort";1;1.94131964285714e-05;0.0068555726519023;338576.084745763;47207.0338983051;52.9811320754717;0.012102573
"ndsort benchmarks";"sphere_front n=500 m=2  merge";"sort";1;3.24407777777778e-05;0.00553656508243386;592884.111111111;95381.0277777778;276.828571428571;0.012084923
"ndsort benchmarks";"sphere_front n=500 m=2  hierarchical";"sort";1;0.000281487;0.00107172387850478;6989834.33333333;965301.166666667;4643;0.01691443
"ndsort benchmarks";"sphere_front n=500 m=2  best_order";"sort";1;9.51026363636364e-05;0.00209302414688922;1608998.81818182;290135.818181818;861;0.012104433
"ndsort benchmarks";"sphere_front n=500 m=2  efficient_binary";"sort";1;0.000128106125;0.00346614002226555;2412705.66666667;584570.5;875.5;0.011807386
"ndsort benchmarks";"sphere_front n=500 m=2  efficient_sequential";"sort";1;0.0001143188;0.0419848351780962;2406008.5;583480.1;857.5;0.012173323
"ndsort benchmarks";"striated n=500 m=2  deductive";"sort";1;0.0005180846;0.00450161686072122;13525832;1931781.4;1738.8;0.031106354
"ndsort benchmarks";"striated n=500 m=2  rank_intersect";"sort";1;0.0001197475;0.0063529279432944;1424326;272586.1;1164;0.012106114
"ndsort benchmarks";"striated n=500 m=2  merge";"sort";1;0.000256944;0.00399728345980538;2791557.4;517685.666666667;2692.33333333333;0.015414018
"ndsort benchmarks";"striated n=500 m=2  hierarchical";"sort";1;0.0013451625;0.0039555048925411;22891500.8333333;4197429.6;36159.2;0.080702384
"ndsort benchmarks";"striated n=500 m=2  best_order";"sort";1;0.000252874166666667;0.0114856333484051;5051287;751951.8;797.4;0.015270861
"ndsort benchmarks";"striated n=500 m=2  efficient_binary";"sort";1;3.5644625e-05;0.00614839210875198;699107.125;152139.03030303;265.625;0.012042123
"ndsort benchmarks";"striated n=500 m=2  efficient_sequential";"sort";1;0.000141567;0.0122313703600335;3572737.5;873240.125;796;0.011946705
"ndsort benchmarks";"random n=1000 m=2  deductive";"sort";1;0.001340368;0.00372950376707085;15818472.2;2565486.5;128652.333333333;0.080608673
"ndsort benchmarks";"random n=1000 m=2  rank_intersect";"sort";1;8.33906923076923e-05;0.0516071246687695;1037843.44444444;163347.307692308;3627.58333333333;0.010717618
"ndsort benchmarks";"random n=1000 m=2  merge";"sort";1;0.000405329;0.00558502601730995;4146796.33333333;760508.166666667;12144;0.024337354
"ndsort benchmarks";"random n=1000 m=2  hierarchical";"sort";1;0.0009299702;0.0019692600259246;12395067.6666667;1978308;65437.3333333333;0.055740756
"ndsort benchmarks";"random n=1000 m=2  best_order";"sort";1;0.000338158166666667;0.0102826352896561;3443174.2;609263.2;16180.3333333333;0.020499645
"ndsort benchmarks";"random n=1000 m=2  efficient_binary";"sort";1;0.000110037777777778;0.0138952759114641;1456452;326871.555555556;6406.44444444444;0.011763637
"ndsort benchmarks";"random n=1000 m=2  efficient_sequential";"sort";1;8.90052307692308e-05;0.00582550298664433;1621720.91666667;368535;3094.30769230769;0.012212411
"ndsort benchmarks";"linear_front n=1000 m=2  deductive";"sort";1;0.0013970054;0.00306145299556389;41567750.4;5511656.2;1024.16666666667;0.083756712
"ndsort benchmarks";"linear_front n=1000 m=2  rank_intersect";"sort";1;3.82246e-05;0.00687171419540242;687841.133333333;102261.033333333;88.0740740740741;0.012070134
"ndsort benchmarks";"linear_front n=1000 m=2  merge";"sort";1;6.4041875e-05;0.0031801497948808;1169803.05555556;190431.777777778;617.526315789474;0.012125553
"ndsort benchmarks";"linear_front n=1000 m=2  hierarchical";"sort";1;0.0011354;0.0124219928768669;27636307.6666667;3806142.16666667;15965.8333333333;0.068088784
"ndsort benchmarks";"linear_front n=1000 m=2  best_order";"sort";1;0.0003262426;0.00722439399992478;5199891;953953.8;2379.6;0.019702034
"ndsort benchmarks";"linear_front n=1000 m=2  efficient_binary";"sort";1;0.000471696666666667;0.00522312515817009;8825808.6;2170000.83333333;2385;0.02833824
"ndsort benchmarks";"linear_front n=1000 m=2  efficient_sequential";"sort";1;0.000402540666666667;0.0316683788211122;8809077;2167036.83333333;2372.83333333333;0.02387385
"ndsort benchmarks";"sphere_front n=1000 m=2  deductive";"sort";1;0.00139099533333333;0.000492976816868229;41567600;5511626.4;1023.8;0.083467683
"ndsort benchmarks";"sphere_front n=1000 m=2  rank_intersect";"sort";1;3.87288518518519e-05;0.00212347655444068;686680.25;102145.535714286;101.142857142857;0.012114732
"ndsort benchmarks";"sphere_front n=1000 m=2  merge";"sort";1;6.36687058823529e-05;0.00281009219373424;1169933.5;190536.125;606.666666666667;0.011989636
"ndsort benchmarks";"sphere_front n=1000 m=2  hierarchical";"sort";1;0.00112073483333333;0.00734022329714574;27634737;3805932.6;15805.4;0.067364915
"ndsort benchmarks";"sphere_front n=1000 m=2  best_order";"sort";1;0.0003243446;0.00151230309464789;5194924.66666667;953068.333333333;1940;0.019464045
"ndsort benchmarks";"sphere_front n=1000 m=2  efficient_binary";"sort";1;0.000478725;0.00894876274819331;8840765.6;2173432.2;2589;0.028876366
"ndsort benchmarks";"sphere_front n=1000 m=2  efficient_sequential";"sort";1;0.000411297333333333;0.0551339496060176;8825453.33333333;2170701.6;2569.16666666667;0.025679289
"ndsort benchmarks";"striated n=1000 m=2  deductive";"sort";1;0.0020376806;0.00249857079743115;53555168;7614543.16666667;3473;0.122308726
"ndsort benchmarks";"striated n=1000 m=2  rank_intersect";"sort";1;0.000387044333333333;0.00841131272243606;4210378.83333333;817887.333333333;2466;0.023274286
"ndsort benchmarks";"striated n=1000 m=2  merge";"sort";1;0.000927245333333333;0.00202397795021047;9593628.16666667;1792744;9360.66666666667;0.055718017
"ndsort benchmarks";"striated n=1000 m=2  hierarchical";"sort";1;0.0055774376;0.0094016985731791;94556228.2;17382085.3333333;130840.8;0.333955379
"ndsort benchmarks";"striated n=1000 m=2  best_order";"sort";1;0.0009187062;0.0130760365693308;17560366.4;2498024.83333333;1576.2;0.05532932
"ndsort benchmarks";"striated n=1000 m=2  efficient_binary";"sort";1;7.40827857142857e-05;0.00749290183915836;1440239.25;314207.571428571;467.846153846154;0.011930344
"ndsort benchmarks";"striated n=1000 m=2  efficient_sequential";"sort";1;0.0005108686;0.00593793873423997;13154287;3248529.5;1586.2;0.030815298
"ndsort benchmarks";"random n=100 m=5  deductive";"sort";1;2.00544482758621e-05;0.00931077689886045;490297.529411765;47361.2745098039;151.5;0.012160803
"ndsort benchmarks";"random n=100 m=5  rank_intersect";"sort";1;2.11264444444444e-05;0.00186962583307141;277411.072727273;29570.0181818182;33.9166666666667;0.012116752
"ndsort benchmarks";"random n=100 m=5  merge";"sort";1;2.2850829787234e-05;0.00348373129719347;322230.522727273;38092.3863636364;77.24;0.011597597
"ndsort benchmarks";"random n=100 m=5  hierarchical";"sort";1;8.3417131147541e-06;0.0140846817711;192460.032786885;31086.0081967213;10.9710144927536;0.012105943
"ndsort benchmarks";"random n=100 m=5  best_order";"sort";1;2.50897391304348e-05;0.00916592571657018;354017.928571429;47030.8095238095;51.4651162790698;0.011917295
"ndsort benchmarks";"random n=100 m=5  efficient_binary";"sort";1;9.02085039370079e-06;0.00138833997101716;156874.649122807;36669.9824561404;25.3613445378151;0.012061074
"ndsort benchmarks";"random n=100 m=5  efficient_sequential";"sort";1;6.91722754491018e-06;0.00305411908380035;129692.993288591;29623.5882352941;11.6647398843931;0.012146282
"ndsort benchmarks";"linear_front n=100 m=5  deductive";"sort";1;2.98458205128205e-05;0.0056556791508834;762167.117647059;66769.0294117647;109;0.011861386
"ndsort benchmarks";"linear_front n=100 m=5  rank_intersect";"sort";1;2.12694074074074e-05;0.00437760814425818;264354.08;27403.02;34.7777777777778;0.012083594
"ndsort benchmarks";"linear_front n=100 m=5  merge";"sort";1;2.31920454545455e-05;0.0011552720340923;310541.543478261;36009.6;64.6444444444444;0.011620187
"ndsort benchmarks";"linear_front n=100 m=5  hierarchical";"sort";1;1.40509512195122e-05;0.00357544295279743;326297.054054054;49693.0135135135;231.328767123288;0.012151543
"ndsort benchmarks";"linear_front n=100 m=5  best_order";"sort";1;2.54175111111111e-05;0.00393248261427311;342680.825;44672.35;44.4;0.011676518
"ndsort benchmarks";"linear_front n=100 m=5  efficient_binary";"sort";1;1.08479056603774e-05;0.00192698568190285;180391.54;42701.01;86.7383177570093;0.012101362
"ndsort benchmarks";"linear_front n=100 m=5  efficient_sequential";"sort";1;1.005915e-05;0.0123285715974104;178774.886956522;42428.2695652174;81.8055555555556;0.012166383
"ndsort benchmarks";"sphere_front n=100 m=5  deductive";"sort";1;2.96958461538462e-05;0.00131563570000777;762167.114285714;66769.0285714286;109.153846153846;0.012052796
"ndsort benchmarks";"sphere_front n=100 m=5  rank_intersect";"sort";1;2.060175e-05;0.00833751427846745;264346.08;27365.02;34.3461538461538;0.012085962
"ndsort benchmarks";"sphere_front n=100 m=5  merge";"sort";1;2.27666666666667e-05;0.00736863094473286;309827.04;36039.64;76.2115384615385;0.011621978
"ndsort benchmarks";"sphere_front n=100 m=5  hierarchical";"sort";1;1.39614931506849e-05;0.00385277610211472;323618.052631579;48675.0131578947;218.703703703704;0.012124363
"ndsort benchmarks";"sphere_front n=100 m=5  best_order";"sort";1;2.47819268292683e-05;0.00702883167077985;347093.704545455;45450.9090909091;42.0714285714286;0.011700616
"ndsort benchmarks";"sphere_front n=100 m=5  efficient_binary";"sort";1;1.05040727272727e-05;0.00221609716292322;178851.041237113;42126.0098039216;64.1454545454545;0.012062572
"ndsort benchmarks";"sphere_front n=100 m=5  efficient_sequential";"sort";1;9.74837288135593e-06;0.00545435911006242;176521.737288136;41698.3474576271;64.5565217391304;0.012039274
"ndsort benchmarks";"striated n=100 m=5  deductive";"sort";1;3.98238076923077e-05;0.00226447311492243;919662.148148148;95613.037037037;339;0.012148893
"ndsort benchmarks";"striated n=100 m=5  rank_intersect";"sort";1;2.86151666666667e-05;0.00547152761795008;386262.108108108;53053.025;93.4722222222222;0.011861896
"ndsort benchmarks";"striated n=100 m=5  merge";"sort";1;2.03608571428571e-05;0.00651232024030771;271705.929824561;47043.9122807018;164.203703703704;0.012070335
"ndsort benchmarks";"striated n=100 m=5  hierarchical";"sort";1;5.65104210526316e-05;0.00307531237752903;1002064.2;191931;1063.95;0.011940163
"ndsort benchmarks";"striated n=100 m=5  best_order";"sort";1;4.562152e-05;0.0103940371327646;781046.56;126765.227272727;300.916666666667;0.012093574
"ndsort benchmarks";"striated n=100 m=5  efficient_binary";"sort";1;6.53942045454545e-06;0.00293664514869706;132543.261363636;29407.006097561;29.0993788819876;0.012306351
"ndsort benchmarks";"striated n=100 m=5  efficient_sequential";"sort";1;1.43337066666667e-05;0.00736799536218858;312921.049382716;81811.012345679;134.086419753086;0.012023772
"ndsort benchmarks";"random n=500 m=5  deductive";"sort";1;0.000366989333333333;0.0118443899581805;8637767.33333333;872328.333333333;6197.33333333333;0.022034311
"ndsort benchmarks";"random n=500 m=5  rank_intersect";"sort";1;6.98357647058824e-05;0.00731974913204974;899967.533333333;97828.8666666667;133.466666666667;0.011840347
"ndsort benchmarks";"random n=500 m=5  merge";"sort";1;9.61731666666667e-05;0.00875909879894735;1202536.09090909;158108.916666667;2154.83333333333;0.011851215
"ndsort benchmarks";"random n=500 m=5  hierarchical";"sort";1;0.0003197488;0.00286102661990502;3209838;497827.333333333;28013.3333333333;0.01924538
"ndsort benchmarks";"random n=500 m=5  best_order";"sort";1;0.000177664833333333;0.0088010758132242;1473091.16666667;223705.833333333;8472.83333333333;0.011657248
"ndsort benchmarks";"random n=500 m=5  efficient_binary";"sort";1;0.0002079058;0.00762754661251971;1554686.2;387559.5;18776.8;0.012575918
"ndsort benchmarks";"random n=500 m=5  efficient_sequential";"sort";1;0.000166533857142857;0.0124799369098323;1193822.16666667;294079.333333333;14896.2857142857;0.011691997
"ndsort benchmarks";"linear_front n=500 m=5  deductive";"sort";1;0.000718699166666667;0.00309148492464952;18902775.4;1632174.8;516.5;0.043258996
"ndsort benchmarks";"linear_front n=500 m=5  rank_intersect";"sort";1;6.60346470588235e-05;0.0135406992075089;838240.222222222;89771.0555555556;136.5;0.012072515
"ndsort benchmarks";"linear_front n=500 m=5  merge";"sort";1;8.65898461538462e-05;0.00635639814833041;1074844;135321.642857143;1853.07692307692;0.011944723
"ndsort benchmarks";"linear_front n=500 m=5  hierarchical";"sort";1;0.0006467915;0.00929427431755491;7458980.2;1118407.8;50560;0.038948981
"ndsort benchmarks";"linear_front n=500 m=5  best_order";"sort";1;0.000272367166666667;0.00810593617948506;1773355.6;283248;14957;0.016413307
"ndsort benchmarks";"linear_front n=500 m=5  efficient_binary";"sort";1;0.000390548;0.00794007627634868;2868463.6;735320.666666667;34654.2;0.023484823
"ndsort benchmarks";"linear_front n=500 m=5  efficient_sequential";"sort";1;0.000381288;0.00577916112203866;2860659.4;734069.6;33542.5;0.022860751
"ndsort benchmarks";"sphere_front n=500 m=5  deductive";"sort";1;0.0007222544;0.00434789561300917;18902868.4;1632203.83333333;519.8;0.043453525
"ndsort benchmarks";"sphere_front n=500 m=5  rank_intersect";"sort";1;6.47049375e-05;0.0037799116933593;837624.277777778;89690.8333333333;133.294117647059;0.011916693
"ndsort benchmarks";"sphere_front n=500 m=5  merge";"sort";1;8.25490833333333e-05;0.0092140622412947;1071443;134849.461538462;1868.61538461538;0.011872485
"ndsort benchmarks";"sphere_front n=500 m=5  hierarchical";"sort";1;0.0006273854;0.00558620356194811;7428063.6;1107139;47005.6;0.037855753
"ndsort benchmarks";"sphere_front n=500 m=5  best_order";"sort";1;0.000275915333333333;0.00413507013497631;1820965.4;292033.4;15643;0.016622744
"ndsort benchmarks";"sphere_front n=500 m=5  efficient_binary";"sort";1;0.0003834218;0.00689114866775264;2831766.5;723770.4;34051;0.022964439
"ndsort benchmarks";"sphere_front n=500 m=5  efficient_sequential";"sort";1;0.0003698582;0.00476228917089144;2823564;722355.833333333;32365.6;0.022198769
"ndsort benchmarks";"striated n=500 m=5  deductive";"sort";1;0.0008905546;0.00673072118648796;22005704.3333333;2180135.83333333;1819.6;0.054394838
"ndsort benchmarks";"striated n=500 m=5  rank_intersect";"sort";1;0.000156262571428571;0.00644092398329055;1913035.42857143;313495.571428571;1299;0.012267292
"ndsort benchmarks";"striated n=500 m=5  merge";"sort";1;0.0002668805;0.00315112955151849;2814788.66666667;521637.333333333;2537.8;0.016243999
"ndsort benchmarks";"striated n=500 m=5  hierarchical";"sort";1;0.001445265;0.00327806990531612;25139635;4944570;35613;0.086744651
"ndsort benchmarks";"striated n=500 m=5  best_order";"sort";1;0.0003199315;0.00486816967893287;6239547.83333333;952001.333333333;1007.4;0.019191547
"ndsort benchmarks";"striated n=500 m=5  efficient_binary";"sort";1;3.92662592592593e-05;0.00182558034436547;751714.137931034;170418.037037037;297.333333333333;0.011878604
"ndsort benchmarks";"striated n=500 m=5  efficient_sequential";"sort";1;0.000278728666666667;0.00306358610303161;5807620.16666667;1619022.33333333;827.2;0.016832025
"ndsort benchmarks";"random n=1000 m=5  deductive";"sort";1;0.001436367;0.00186616158357646;32816111;3361033.4;29770.8;0.086484513
"ndsort benchmarks";"random n=1000 m=5  rank_intersect";"sort";1;0.000156068285714286;0.00903452166924587;1745775.5;199442;5589.28571428571;0.01133696
"ndsort benchmarks";"random n=1000 m=5  merge";"sort";1;0.0002538874;0.00917891627907343;2580575.6;361127;13693.6666666667;0.01519129
"ndsort benchmarks";"random n=1000 m=5  hierarchical";"sort";1;0.00118648433333333;0.00356629716903538;11205474;1734397;107964.2;0.071375423
"ndsort benchmarks";"random n=1000 m=5  best_order";"sort";1;0.000568682333333333;0.00664954544180579;3320149.5;532052.833333333;36140.6666666667;0.034148361
"ndsort benchmarks";"random n=1000 m=5  efficient_binary";"sort";1;0.0007358602;0.00656057472396385;4592715.8;1169686.2;75047.8;0.044343975
"ndsort benchmarks";"random n=1000 m=5  efficient_sequential";"sort";1;0.000620775166666667;0.00378628629923504;3467676;877579.166666667;61282;0.03718528
"ndsort benchmarks";"linear_front n=1000 m=5  deductive";"sort";1;0.00299413366666667;0.010526483923701;75552944;6513813.4;1030.8;0.178137922
"ndsort benchmarks";"linear_front n=1000 m=5  rank_intersect";"sort";1;0.000124334875;0.0546461819030049;1626294.375;182769.25;2047.5;0.011320161
"ndsort benchmarks";"linear_front n=1000 m=5  merge";"sort";1;0.000194083;0.00459945081490501;2094906.83333333;273922;8634.5;0.012064872
"ndsort benchmarks";"linear_front n=1000 m=5  hierarchical";"sort";1;0.0026031508;0.00514407154547582;29443980.3333333;4403600.66666667;206152.333333333;0.156656227
"ndsort benchmarks";"linear_front n=1000 m=5  best_order";"sort";1;0.00102056433333333;0.00111723068047283;4893868.16666667;841604.833333333;67395;0.061304508
"ndsort benchmarks";"linear_front n=1000 m=5  efficient_binary";"sort";1;0.0016926182;0.00279507013565509;10633749.1666667;2767875.83333333;170357.4;0.101583905
"ndsort benchmarks";"linear_front n=1000 m=5  efficient_sequential";"sort";1;0.00172161016666667;0.00259074211615286;10617085.6;2764984.2;166038;0.103483404
"ndsort benchmarks";"sphere_front n=1000 m=5  deductive";"sort";1;0.00286422483333333;0.00191861915855705;75552567.4;6513740.83333333;1017;0.172004875
"ndsort benchmarks";"sphere_front n=1000 m=5  rank_intersect";"sort";1;0.0001171425;0.0213847195674519;1617423.57142857;181369.142857143;1047.125;0.010825275
"ndsort benchmarks";"sphere_front n=1000 m=5  merge";"sort";1;0.000183719666666667;0.00382359931643339;2091394;273435.833333333;8489.16666666667;0.012094555
"ndsort benchmarks";"sphere_front n=1000 m=5  hierarchical";"sort";1;0.00256628316666667;0.00319859225429113;29463758.3333333;4409348.83333333;205874;0.154432218
"ndsort benchmarks";"sphere_front n=1000 m=5  best_order";"sort";1;0.001060157;0.00417364958645521;5108348.2;882366;72230.3333333333;0.063641043
"ndsort benchmarks";"sphere_front n=1000 m=5  efficient_binary";"sort";1;0.0017338978;0.00241414516321131;10644595;2772236.5;175735.4;0.104173008
"ndsort benchmarks";"sphere_front n=1000 m=5  efficient_sequential";"sort";1;0.0017612356;0.00346408033566932;10628347.2;2769444;170809.6;0.105560292
"ndsort benchmarks";"striated n=1000 m=5  deductive";"sort";1;0.00355057283333333;0.00524740366196805;87522232;8613159.4;3378.4;0.213850007
"ndsort benchmarks";"striated n=1000 m=5  rank_intersect";"sort";1;0.0004469234;0.00585423102657919;5096536.2;891175;2574.5;0.026803478
"ndsort benchmarks";"striated n=1000 m=5  merge";"sort";1;0.00094503;0.00322486746705541;9636980.2;1798371.2;8946;0.056690326
"ndsort benchmarks";"striated n=1000 m=5  hierarchical";"sort";1;0.00572331483333333;0.00458289036516171;103469593.333333;20361031.4;131537.4;0.345576952
"ndsort benchmarks";"striated n=1000 m=5  best_order";"sort";1;0.001056135;0.00556832524807001;19846364.8;2886805;1781.2;0.063326034
"ndsort benchmarks";"striated n=1000 m=5  efficient_binary";"sort";1;8.11144615384615e-05;0.0043884826877758;1582717.30769231;360952.307692308;533.214285714286;0.012035892
"ndsort benchmarks";"striated n=1000 m=5  efficient_sequential";"sort";1;0.00105916716666667;0.00361392429990546;22143315.6666667;6244066.16666667;1607.16666666667;0.063529062
"ndsort benchmarks";"random n=100 m=10  deductive";"sort";1;4.05967142857143e-05;0.00270559452267069;1016054.16;74293.04;140.7;0.012080405
"ndsort benchmarks";"random n=100 m=10  rank_intersect";"sort";1;4.2975e-05;0.00452385813977016;551980.16;53169.04;82.3571428571429;0.012042225
"ndsort benchmarks";"random n=100 m=10  merge";"sort";1;4.515672e-05;0.00709360809627579;600741.653846154;61210.619047619;160.961538461538;0.011977614
"ndsort benchmarks";"random n=100 m=10  hierarchical";"sort";1;1.45531805555556e-05;0.00478410851460584;331506.056338028;51751.014084507;122.194444444444;0.012161591
"ndsort benchmarks";"random n=100 m=10  best_order";"sort";1;4.68512608695652e-05;0.00636108057642678;620722.84;72371.32;87.1304347826087;0.011975045
"ndsort benchmarks";"random n=100 m=10  efficient_binary";"sort";1;1.20080842105263e-05;0.00705167817228389;197607.685393258;47282.7415730337;52.7640449438202;0.012056773
"ndsort benchmarks";"random n=100 m=10  efficient_sequential";"sort";1;1.10430285714286e-05;0.00288587286374144;192923.548076923;46132.5192307692;63.0857142857143;0.012105102
"ndsort benchmarks";"linear_front n=100 m=10  deductive";"sort";1;4.2576e-05;0.00295244676173135;1056744.16;76641.04;114.428571428571;0.012061305
"ndsort benchmarks";"linear_front n=100 m=10  rank_intersect";"sort";1;4.566072e-05;0.00176517181012336;537564.173913043;51035.0434782609;79.0434782608696;0.012086573
"ndsort benchmarks";"linear_front n=100 m=10  merge";"sort";1;4.39033846153846e-05;0.00182621522814725;541294.88;56026.9090909091;124.291666666667;0.011986375
"ndsort benchmarks";"linear_front n=100 m=10  hierarchical";"sort";1;1.47315128205128e-05;0.00236402907319584;336978.054794521;51432.0136986301;167.153846153846;0.012020845
"ndsort benchmarks";"linear_front n=100 m=10  best_order";"sort";1;4.92535454545455e-05;0.00690488235854808;613386.727272727;70774.5909090909;82.4782608695652;0.011948475
"ndsort benchmarks";"linear_front n=100 m=10  efficient_binary";"sort";1;1.18682268041237e-05;0.004015344051032;192942.567010309;45572;68;0.012131921
"ndsort benchmarks";"linear_front n=100 m=10  efficient_sequential";"sort";1;1.09950303030303e-05;0.00774664824429523;191417.038461538;45288.0096153846;65.1415094339623;0.012119423
"ndsort benchmarks";"sphere_front n=100 m=10  deductive";"sort";1;4.26743703703704e-05;0.000347605790506943;1056744.16;76641.04;114.444444444444;0.012078244
"ndsort benchmarks";"sphere_front n=100 m=10  rank_intersect";"sort";1;4.54934347826087e-05;0.00266935397195231;539222.166666667;51292.0416666667;78.304347826087;0.012054783
"ndsort benchmarks";"sphere_front n=100 m=10  merge";"sort";1;4.33954814814815e-05;0.0102924803261841;541896.791666667;56122.3461538462;139.125;0.011988595
"ndsort benchmarks";"sphere_front n=100 m=10  hierarchical";"sort";1;1.50332207792208e-05;0.00555603228963146;335059.057971014;50892.0144927536;192.605633802817;0.012142893
"ndsort benchmarks";"sphere_front n=100 m=10  best_order";"sort";1;4.89778333333333e-05;0.00388583999904346;604822.681818182;68995.5833333333;84.0833333333333;0.011903636
"ndsort benchmarks";"sphere_front n=100 m=10  efficient_binary";"sort";1;1.16263434343434e-05;0.00458380378912776;191247.48;45182.3333333333;49.6767676767677;0.012158963
"ndsort benchmarks";"sphere_front n=100 m=10  efficient_sequential";"sort";1;1.08352277227723e-05;0.00721572489849923;189597.290909091;44984.3090909091;58.5660377358491;0.012082824
"ndsort benchmarks";"striated n=100 m=10  deductive";"sort";1;5.2644e-05;0.0139552710978256;1215365.21052632;105669.052631579;332.4;0.012066624
"ndsort benchmarks";"striated n=100 m=10  rank_intersect";"sort";1;5.33903636363636e-05;0.00150902200806232;682771.181818182;79565.3684210526;134.454545454545;0.012023644
"ndsort benchmarks";"striated n=100 m=10  merge";"sort";1;2.10614444444444e-05;0.00329220720792248;280459.333333333;47801.8333333333;163.298245614035;0.012099182
"ndsort benchmarks";"striated n=100 m=10  hierarchical";"sort";1;6.20967368421053e-05;0.00522133772819813;1157910.10526316;241838.105263158;1042;0.012119934
"ndsort benchmarks";"striated n=100 m=10  best_order";"sort";1;8.34525e-05;0.00381630300215207;1350166.33333333;217221.833333333;426;0.012066015
"ndsort benchmarks";"striated n=100 m=10  efficient_binary";"sort";1;7.89331972789116e-06;0.00517341961209929;151765.833333333;34802.3888888889;40.3680555555556;0.012013774
"ndsort benchmarks";"striated n=100 m=10  efficient_sequential";"sort";1;2.24670576923077e-05;0.00351133139501149;467826.076923077;132186.019230769;141.111111111111;0.011703406
"ndsort benchmarks";"random n=500 m=10  deductive";"sort";1;0.0009495282;0.00154159341818451;22782313.6;1662947;6778.6;0.056925164
"ndsort benchmarks";"random n=500 m=10  rank_intersect";"sort";1;0.000132372375;0.00898389356332102;1640516.5;151374.125;327.666666666667;0.011748838
"ndsort benchmarks";"random n=500 m=10  merge";"sort";1;0.000165519571428571;0.00989173021022017;1862721.33333333;188711.666666667;4286.42857142857;0.011943123
"ndsort benchmarks";"random n=500 m=10  hierarchical";"sort";1;0.0007505342;0.00198077432696469;6706323.8;1051087.4;70801.1666666667;0.045005627
"ndsort benchmarks";"random n=500 m=10  best_order";"sort";1;0.000308535166666667;0.00467067056375846;2263079.4;308489.2;15539.4;0.018552087
"ndsort benchmarks";"random n=500 m=10  efficient_binary";"sort";1;0.0005369444;0.00367078022326018;2854381;744401.5;59552.4;0.032256642
"ndsort benchmarks";"random n=500 m=10  efficient_sequential";"sort";1;0.000528366166666667;0.00363140030108329;2687976.16666667;701300.2;54665.1666666667;0.031729117
"ndsort benchmarks";"linear_front n=500 m=10  deductive";"sort";1;0.0010373992;0.00295199736529485;26274571.6;1881339;524.6;0.062288796
"ndsort benchmarks";"linear_front n=500 m=10  rank_intersect";"sort";1;0.000131195333333333;0.00689879829585186;1560853.625;141254.25;255.222222222222;0.011925866
"ndsort benchmarks";"linear_front n=500 m=10  merge";"sort";1;0.000163564;0.00652291635898189;1810404.57142857;184330;3661.83333333333;0.011970786
"ndsort benchmarks";"linear_front n=500 m=10  hierarchical";"sort";1;0.000766366;0.00369319825335237;7640799;1170692.2;67831;0.045994677
"ndsort benchmarks";"linear_front n=500 m=10  best_order";"sort";1;0.000288298666666667;0.0053972494138352;2195656.4;293241.8;13007.2;0.017328286
"ndsort benchmarks";"linear_front n=500 m=10  efficient_binary";"sort";1;0.0005343124;0.00202488219651466;3044497;790078.166666667;56337.1666666667;0.032044714
"ndsort benchmarks";"linear_front n=500 m=10  efficient_sequential";"sort";1;0.000529357666666667;0.00382531060653957;3036311.33333333;788634.166666667;54191.4;0.031757106
"ndsort benchmarks";"sphere_front n=500 m=10  deductive";"sort";1;0.0010422652;0.00176590758244581;26274466.6;1881303;524.6;0.062539663
"ndsort benchmarks";"sphere_front n=500 m=10  rank_intersect";"sort";1;0.000129515333333333;0.00399580490549576;1552553.5;141001.125;272.666666666667;0.011802217
"ndsort benchmarks";"sphere_front n=500 m=10  merge";"sort";1;0.000162852571428571;0.00589435342119561;1813871.33333333;184354.333333333;3496.28571428571;0.011926994
"ndsort benchmarks";"sphere_front n=500 m=10  hierarchical";"sort";1;0.000766032;0.00636367645647243;7618697.83333333;1163306.33333333;67862.6;0.046024967
"ndsort benchmarks";"sphere_front n=500 m=10  best_order";"sort";1;0.000293255333333333;0.00752593007925843;2210292.2;296607.6;13316.1666666667;0.017610695
"ndsort benchmarks";"sphere_front n=500 m=10  efficient_binary";"sort";1;0.0005245944;0.00490389139106537;3016837.8;781199;55626.5;0.031456241
"ndsort benchmarks";"sphere_front n=500 m=10  efficient_sequential";"sort";1;0.0005315904;0.00495789441512989;3008777.66666667;779792;54297.5;0.031880596
"ndsort benchmarks";"striated n=500 m=10  deductive";"sort";1;0.00121192566666667;0.00242703683968854;29390700.8;2431202;1797.5;0.072841717
"ndsort benchmarks";"striated n=500 m=10  rank_intersect";"sort";1;0.0002128218;0.00323283176829945;2737366.5;379180.2;1431;0.012792146
"ndsort benchmarks";"striated n=500 m=10  merge";"sort";1;0.000265142166666667;0.00691056849666696;2877924;529051.833333333;2476.33333333333;0.015934722
"ndsort benchmarks";"striated n=500 m=10  hierarchical";"sort";1;0.0016363345;0.00257331733383492;28926704.5;6194807;36361.5;0.09808033
"ndsort benchmarks";"striated n=500 m=10  best_order";"sort";1;0.000447478666666667;0.00172745595360412;8308950;1310852.4;1225;0.026903788
"ndsort benchmarks";"striated n=500 m=10  efficient_binary";"sort";1;4.72654090909091e-05;0.00359023148211503;879095.5;207578.708333333;298.5;0.012075013
"ndsort benchmarks";"striated n=500 m=10  efficient_sequential";"sort";1;0.0005084586;0.00254579148599756;9577886;2869575.5;907.333333333333;0.030576669
"ndsort benchmarks";"random n=1000 m=10  deductive";"sort";1;0.0035733925;0.00200863847763856;86237828.2;6338383.6;31555.5;0.214529252
"ndsort benchmarks";"random n=1000 m=10  rank_intersect";"sort";1;0.0003294764;0.0119000349083686;3108184.83333333;294571.333333333;14042.4;0.020608562
"ndsort benchmarks";"random n=1000 m=10  merge";"sort";1;0.000361936166666667;0.00961863902464422;3570627.5;372796.4;17040.6666666667;0.02183173
"ndsort benchmarks";"random n=1000 m=10  hierarchical";"sort";1;0.0026584882;0.00389771579308629;23627968.4;3701292.8;250461.833333333;0.159785116
"ndsort benchmarks";"random n=1000 m=10  best_order";"sort";1;0.000932782;0.0051670982459884;4939031.5;726692.166666667;58036.1666666667;0.055937013
"ndsort benchmarks";"random n=1000 m=10  efficient_binary";"sort";1;0.002157299;0.0068090590922474;10226253.8333333;2714938.33333333;245292.8;0.129665197
"ndsort benchmarks";"random n=1000 m=10  efficient_sequential";"sort";1;0.0021100045;0.00730877938006881;9216517.2;2450407.66666667;221787.2;0.126477022
"ndsort benchmarks";"linear_front n=1000 m=10  deductive";"sort";1;0.0042112638;0.00449688735193187;105046703.8;7512136.33333333;1038.33333333333;0.253287581
"ndsort benchmarks";"linear_front n=1000 m=10  rank_intersect";"sort";1;0.000307873333333333;0.0110490512370524;2931524;271668.4;10224.3333333333;0.018525075
"ndsort benchmarks";"linear_front n=1000 m=10  merge";"sort";1;0.0003726842;0.00415798847338349;3445145.33333333;359798.4;14785.5;0.022322227
"ndsort benchmarks";"linear_front n=1000 m=10  hierarchical";"sort";1;0.0030997434;0.00142839774556706;30168444;4628536.4;278878;0.185911039
"ndsort benchmarks";"linear_front n=1000 m=10  best_order";"sort";1;0.0009436382;0.00185180073341574;5068938.6;748893.8;58402.8;0.056672423
"ndsort benchmarks";"linear_front n=1000 m=10  efficient_binary";"sort";1;0.00227757616666667;0.00341522778137034;11331382.6;2993041.6;258957.833333333;0.138693486
"ndsort benchmarks";"linear_front n=1000 m=10  efficient_sequential";"sort";1;0.0024589825;0.02277570073944;11314355;2990019.8;255067.8;0.148711007
"ndsort benchmarks";"sphere_front n=1000 m=10  deductive";"sort";1;0.00419308;0.00549759047279362;105046716.833333;7512139.33333333;1040.83333333333;0.252056034
"ndsort benchmarks";"sphere_front n=1000 m=10  rank_intersect";"sort";1;0.000306686666666667;0.0123504198504569;2926512.83333333;271024.333333333;9997.33333333333;0.018415597
"ndsort benchmarks";"sphere_front n=1000 m=10  merge";"sort";1;0.000382831;0.0115761659400184;3464528;361555.5;15502.4;0.02289453
"ndsort benchmarks";"sphere_front n=1000 m=10  hierarchical";"sort";1;0.0030837576;0.00415127821127131;30051804;4589548;277100.666666667;0.185217945
"ndsort benchmarks";"sphere_front n=1000 m=10  best_order";"sort";1;0.000953402;0.00477408965592829;5073608.6;749700;59087;0.057225899
"ndsort benchmarks";"sphere_front n=1000 m=10  efficient_binary";"sort";1;0.002228985;0.00288601353695369;11222293;2956586.4;251080.5;0.133968744
"ndsort benchmarks";"sphere_front n=1000 m=10  efficient_sequential";"sort";1;0.0023325176;0.00263868669422437;11205120.2;2953541.2;247911;0.140145617
"ndsort benchmarks";"striated n=1000 m=10  deductive";"sort";1;0.0048190214;0.00373912513161647;117036720.4;9614333.8;3476.2;0.289675367
"ndsort benchmarks";"striated n=1000 m=10  rank_intersect";"sort";1;0.0005506542;0.00417388385679893;6594853;1007944;2711.33333333333;0.03309297
"ndsort benchmarks";"striated n=1000 m=10  merge";"sort";1;0.0009567978;0.00767178975896412;9761065.6;1812640;8914.5;0.057462547
"ndsort benchmarks";"striated n=1000 m=10  hierarchical";"sort";1;0.00660520233333333;0.00757114017396589;118471117;25345842.3333333;129866.5;0.396627245
"ndsort benchmarks";"striated n=1000 m=10  best_order";"sort";1;0.00132340616666667;0.00189441076547231;23867945;3582109.8;2131.6;0.079447736
"ndsort benchmarks";"striated n=1000 m=10  efficient_binary";"sort";1;0.000100518090909091;0.00314037661529486;1880839.36363636;447169.090909091;491.545454545455;0.011975465
"ndsort benchmarks";"striated n=1000 m=10  efficient_sequential";"sort";1;0.002008815;0.0131173543215485;37186399;11245145;1718.8;0.119770395
"ndsort benchmarks";"csv/dtlz1_n2000_m10  deductive";"sort";1;0.009547883;0.00558725583004009;224796915.2;18107370.6666667;80569.6;0.579008771
"ndsort benchmarks";"csv/dtlz1_n2000_m10  rank_intersect";"sort";1;0.000794003333333333;0.00540170662663568;6695560.6;683721;41005.8;0.047683633
"ndsort benchmarks";"csv/dtlz1_n2000_m10  merge";"sort";1;0.000954248;0.00719750802670908;8355777.66666667;953084.4;53561.5;0.057266397
"ndsort benchmarks";"csv/dtlz1_n2000_m10  hierarchical";"sort";1;0.006480407;0.00449495662047874;56465175.6;10861369.6;602158.5;0.388928677
"ndsort benchmarks";"csv/dtlz1_n2000_m10  best_order";"sort";1;0.003422304;0.00621443439571684;13134589.6;2161704.16666667;213877.5;0.206290145
"ndsort benchmarks";"csv/dtlz1_n2000_m10  efficient_binary";"sort";1;0.0073204615;0.00441709851935337;36217201.4;10454368.6666667;814199.833333333;0.440730284
"ndsort benchmarks";"csv/dtlz1_n2000_m10  efficient_sequential";"sort";1;0.0062528144;0.00234521758694353;28033170.1666667;8060418.66666667;627977.666666667;0.375644006
"ndsort benchmarks";"csv/dtlz1_n2000_m2  deductive";"sort";1;0.00460549;0.00225125278051613;61238772.4;9940052.83333333;398204.333333333;0.277811312
"ndsort benchmarks";"csv/dtlz1_n2000_m2  rank_intersect";"sort";1;0.0003003528;0.00873172639468506;2201625.83333333;353664;31541.3333333333;0.018032249
"ndsort benchmarks";"csv/dtlz1_n2000_m2  merge";"sort";1;0.000805503333333333;0.00316839747102405;8227253.4;1518795.66666667;33583.2;0.048289834
"ndsort benchmarks";"csv/dtlz1_n2000_m2  hierarchical";"sort";1;0.0031019634;0.0026135165338642;52986929.6;7894758.8;162508.8;0.186130564
"ndsort benchmarks";"csv/dtlz1_n2000_m2  best_order";"sort";1;0.0012153655;0.00262742998498565;10923065.3333333;1978032.66666667;47874.6;0.072942603
"ndsort benchmarks";"csv/dtlz1_n2000_m2  efficient_binary";"sort";1;0.000328941666666667;0.00139753724144497;3963731.66666667;917526.8;20989.8;0.019755503
"ndsort benchmarks";"csv/dtlz1_n2000_m2  efficient_sequential";"sort";1;0.000241624166666667;0.00272915055275035;3586831.2;823438.6;12669.8333333333;0.014539157
"ndsort benchmarks";"csv/dtlz1_n2000_m3  deductive";"sort";1;0.00376244883333333;0.00159687408843344;73297928.3333333;10514626.8;183250;0.225510523
"ndsort benchmarks";"csv/dtlz1_n2000_m3  rank_intersect";"sort";1;0.000289471;0.00487968007257624;2516940.4;346567.833333333;22667.8333333333;0.017360718
"ndsort benchmarks";"csv/dtlz1_n2000_m3  merge";"sort";1;0.000698626;0.00569943865240163;6345959.6;1103166;40811.6666666667;0.041852521
"ndsort benchmarks";"csv/dtlz1_n2000_m3  hierarchical";"sort";1;0.00316195183333333;0.0050507057182386;41627520.2;6339398.6;224870.666666667;0.19029755
"ndsort benchmarks";"csv/dtlz1_n2000_m3  best_order";"sort";1;0.0015624276;0.00295117749784644;9123723.6;1639351.2;84914;0.093480979
"ndsort benchmarks";"csv/dtlz1_n2000_m3  efficient_binary";"sort";1;0.0010254192;0.00462014724355775;8482214.8;2127377.5;81803;0.061578904
"ndsort benchmarks";"csv/dtlz1_n2000_m3  efficient_sequential";"sort";1;0.0007714798;0.00447389831689528;5540158.2;1361032;66044;0.046354763
"ndsort benchmarks";"csv/dtlz1_n2000_m5  deductive";"sort";1;0.0050683788;0.00165098005053263;121487503.666667;12653788.1666667;85900;0.304979197
"ndsort benchmarks";"csv/dtlz1_n2000_m5  rank_intersect";"sort";1;0.0004024375;0.0101025946726069;3671403;442614.666666667;25807;0.024057217
"ndsort benchmarks";"csv/dtlz1_n2000_m5  merge";"sort";1;0.000662086333333333;0.00814206187667415;5733348.33333333;842615.166666667;44294.8333333333;0.039625892
"ndsort benchmarks";"csv/dtlz1_n2000_m5  hierarchical";"sort";1;0.00414386316666667;0.00217372298901331;41414878.4;6914453.16666667;361698;0.248863318
"ndsort benchmarks";"csv/dtlz1_n2000_m5  best_order";"sort";1;0.0024400764;0.0072632413817017;9834667;1709105.6;169583.5;0.146998206
"ndsort benchmarks";"csv/dtlz1_n2000_m5  efficient_binary";"sort";1;0.003682278;0.00542390981859116;18967800.8;5114613.6;399469.166666667;0.220870351
"ndsort benchmarks";"csv/dtlz1_n2000_m5  efficient_sequential";"sort";1;0.00286779816666667;0.00123351234383022;13244503.4;3539528;288926.8;0.171919514
"ndsort benchmarks";"csv/dtlz1_n500_m10  deductive";"sort";1;0.0007279022;0.00148854895512607;17652667.4;1356283.8;5840.83333333333;0.04371373
"ndsort benchmarks";"csv/dtlz1_n500_m10  rank_intersect";"sort";1;0.000151174142857143;0.00327776516696351;1695906.57142857;160443.142857143;300.857142857143;0.011972016
"ndsort benchmarks";"csv/dtlz1_n500_m10  merge";"sort";1;0.0001814115;0.00780527369844965;2028144;209826;4044;0.011796235
"ndsort benchmarks";"csv/dtlz1_n500_m10  hierarchical";"sort";1;0.0005674325;0.00899347167741938;4868621.6;927996;52438;0.034081953
"ndsort benchmarks";"csv/dtlz1_n500_m10  best_order";"sort";1;0.0003933125;0.00463963726472296;2452139.2;348077.2;20396.3333333333;0.023557373
"ndsort benchmarks";"csv/dtlz1_n500_m10  efficient_binary";"sort";1;0.000663041333333333;0.00370322714118831;3497760.16666667;987037.333333333;73487.2;0.039795592
"ndsort benchmarks";"csv/dtlz1_n500_m10  efficient_sequential";"sort";1;0.000575336;0.0090746138816686;2844896.6;798506;56715;0.035904332
"ndsort benchmarks";"csv/dtlz1_n500_m2  deductive";"sort";1;0.000383942666666667;0.0106573588071057;4671518.16666667;726328.166666667;36779.6;0.023233594
"ndsort benchmarks";"csv/dtlz1_n500_m2  rank_intersect";"sort";1;2.9571925e-05;0.0195531251453247;450954.051282051;67161.717948718;59.025641025641;0.012350649
"ndsort benchmarks";"csv/dtlz1_n500_m2  merge";"sort";1;8.95874166666667e-05;0.00888908444802041;1095720.45454545;193486;2058.84615384615;0.011954425
"ndsort benchmarks";"csv/dtlz1_n500_m2  hierarchical";"sort";1;0.0002437275;0.00562977698755744;3809926.5;584703;13163.2;0.014564716
"ndsort benchmarks";"csv/dtlz1_n500_m2  best_order";"sort";1;0.000102997888888889;0.0148285140033332;1369500.72727273;242839.818181818;2330.90909090909;0.011710437
"ndsort benchmarks";"csv/dtlz1_n500_m2  efficient_binary";"sort";1;4.181556e-05;0.0129370299044367;717838.5;160387.692307692;1079.5;0.011684166
"ndsort benchmarks";"csv/dtlz1_n500_m2  efficient_sequential";"sort";1;3.49178181818182e-05;0.00656825860675916;662484.878787879;146729.733333333;762.636363636364;0.011962153
"ndsort benchmarks";"csv/dtlz1_n500_m3  deductive";"sort";1;0.0003203906;0.00128427886806415;6071886;823745.4;17690.3333333333;0.019231198
"ndsort benchmarks";"csv/dtlz1_n500_m3  rank_intersect";"sort";1;3.93582068965517e-05;0.0053001140009747;570193.333333333;71752.0333333333;77.1379310344828;0.011740595
"ndsort benchmarks";"csv/dtlz1_n500_m3  merge";"sort";1;7.074425e-05;0.00716079531595399;951537.125;150405.9375;1267.8125;0.011797735
"ndsort benchmarks";"csv/dtlz1_n500_m3  hierarchical";"sort";1;0.0002597832;0.00260121987177602;3342721.5;515664.333333333;18874.5;0.015653526
"ndsort benchmarks";"csv/dtlz1_n500_m3  best_order";"sort";1;0.000129409875;0.0421908094482608;1263195.875;211436.875;4934;0.01150809
"ndsort benchmarks";"csv/dtlz1_n500_m3  efficient_binary";"sort";1;0.00010001275;0.0466620968248321;1062317.66666667;254529.545454545;6365.125;0.011993824
"ndsort benchmarks";"csv/dtlz1_n500_m3  efficient_sequential";"sort";1;6.61292666666667e-05;0.0111035192987586;815568.764705882;190968.352941176;3430.72222222222;0.011615587
"ndsort benchmarks";"csv/dtlz1_n500_m5  deductive";"sort";1;0.0004131255;0.0009689246317651;9765084;962441.5;7694.33333333333;0.024955016
"ndsort benchmarks";"csv/dtlz1_n500_m5  rank_intersect";"sort";1;7.1129875e-05;0.00657056257070053;892720.3125;97034.125;158.1875;0.011710319
"ndsort benchmarks";"csv/dtlz1_n500_m5  merge";"sort";1;9.302325e-05;0.00612324682388591;1178829.41666667;153022.333333333;1587.25;0.011786657
"ndsort benchmarks";"csv/dtlz1_n500_m5  hierarchical";"sort";1;0.000334544833333333;0.00418711232623374;3424185.4;574242.333333333;28785;0.020076488
"ndsort benchmarks";"csv/dtlz1_n500_m5  best_order";"sort";1;0.0002435054;0.00290692406412527;1602858.33333333;249846.333333333;13648.2;0.014742345
"ndsort benchmarks";"csv/dtlz1_n500_m5  efficient_binary";"sort";1;0.000291240333333333;0.00406480433427138;1837599.4;478094;29460.4;0.017487618
"ndsort benchmarks";"csv/dtlz1_n500_m5  efficient_sequential";"sort";1;0.0002340425;0.0057882486819692;1419230;363480.833333333;22172.6;0.014174471
"ndsort benchmarks";"csv/dtlz2_n2000_m10  deductive";"sort";1;0.0076682936;0.00435543687854214;185270964.2;15405024.6666667;64842.6666666667;0.460758651
"ndsort benchmarks";"csv/dtlz2_n2000_m10  rank_intersect";"sort";1;0.000761163666666667;0.00923663236490215;6728765.4;681488.833333333;38911;0.045642751
"ndsort benchmarks";"csv/dtlz2_n2000_m10  merge";"sort";1;0.0009083184;0.00647999092269389;8138987.6;914546.666666667;47553.5;0.054395798
"ndsort benchmarks";"csv/dtlz2_n2000_m10  hierarchical";"sort";1;0.0055864034;0.00436167006249018;52055895.2;10250246.4;491750.4;0.334949025
"ndsort benchmarks";"csv/dtlz2_n2000_m10  best_order";"sort";1;0.0040850932;0.00823036983028909;14459815.6;2428851.6;261597;0.244487432
"ndsort benchmarks";"csv/dtlz2_n2000_m10  efficient_binary";"sort";1;0.0079443666;0.00438997029385711;42660361.6;12485690.6;866851.6;0.475894471
"ndsort benchmarks";"csv/dtlz2_n2000_m10  efficient_sequential";"sort";1;0.0064052306;0.00467576803476554;30031135.1666667;8692769.16666667;637269.5;0.385725069
"ndsort benchmarks";"csv/dtlz2_n2000_m2  deductive";"sort";1;0.0045953318;0.00150559336992315;63935685.4;10223253.6666667;382226.333333333;0.275822125
"ndsort benchmarks";"csv/dtlz2_n2000_m2  rank_intersect";"sort";1;0.0002686432;0.00196157687003669;2101633.83333333;335746.333333333;27112.6666666667;0.016149183
"ndsort benchmarks";"csv/dtlz2_n2000_m2  merge";"sort";1;0.000664984666666667;0.00389212163024779;6757182.8;1236222;28836.6666666667;0.040023881
"ndsort benchmarks";"csv/dtlz2_n2000_m2  hierarchical";"sort";1;0.00311457233333333;0.00685602002350728;57477912.6;8379381.2;136518.2;0.186981445
"ndsort benchmarks";"csv/dtlz2_n2000_m2  best_order";"sort";1;0.0009719078;0.00406200896470198;9144911.8;1652048.2;36528.4;0.058400046
"ndsort benchmarks";"csv/dtlz2_n2000_m2  efficient_binary";"sort";1;0.0003622182;0.0116239677480767;4495111.8;1050886.16666667;20800.6666666667;0.02175831
"ndsort benchmarks";"csv/dtlz2_n2000_m2  efficient_sequential";"sort";1;0.000245725666666667;0.00537727236400063;3520994.5;807073.833333333;12586.3333333333;0.014756874
"ndsort benchmarks";"csv/dtlz2_n2000_m3  deductive";"sort";1;0.003705257;0.00179549134976024;76002933.2;10752733.6666667;158848.4;0.222753418
"ndsort benchmarks";"csv/dtlz2_n2000_m3  rank_intersect";"sort";1;0.000284679;0.00711791613453293;2482306.2;343584.8;21221.4;0.017058991
"ndsort benchmarks";"csv/dtlz2_n2000_m3  merge";"sort";1;0.0005467302;0.00657763002539124;4915594.8;840686.5;35143.2;0.032745925
"ndsort benchmarks";"csv/dtlz2_n2000_m3  hierarchical";"sort";1;0.00257450116666667;0.00407094781472483;36937484;5600131.5;168061.4;0.156336626
"ndsort benchmarks";"csv/dtlz2_n2000_m3  best_order";"sort";1;0.00138413866666667;0.00781577424431194;8435368.66666667;1505481;72610.2;0.083017168
"ndsort benchmarks";"csv/dtlz2_n2000_m3  efficient_binary";"sort";1;0.0011599558;0.00260424852452367;10155480.6666667;2576681.6;85772.4;0.069683366
"ndsort benchmarks";"csv/dtlz2_n2000_m3  efficient_sequential";"sort";1;0.0007861818;0.000751026169061293;6004512.33333333;1483401;64007.4;0.047227704
"ndsort benchmarks";"csv/dtlz2_n2000_m5  deductive";"sort";1;0.0050535235;0.00209092681131514;122397052.666667;12657336.1666667;76468;0.303255626
"ndsort benchmarks";"csv/dtlz2_n2000_m5  rank_intersect";"sort";1;0.000388404;0.00608981232077686;3645277.33333333;438527.833333333;25284;0.023387114
"ndsort benchmarks";"csv/dtlz2_n2000_m5  merge";"sort";1;0.000568985666666667;0.00511106256517645;5170108;742747.666666667;36377.6;0.034056132
"ndsort benchmarks";"csv/dtlz2_n2000_m5  hierarchical";"sort";1;0.0034949972;0.0032735737758604;37817774.8;6318000.4;291072.4;0.210098393
"ndsort benchmarks";"csv/dtlz2_n2000_m5  best_order";"sort";1;0.0025163596;0.00476081648839279;10101983.8;1760804.4;171599.4;0.150203845
"ndsort benchmarks";"csv/dtlz2_n2000_m5  efficient_binary";"sort";1;0.00443865833333333;0.00215685391757299;24193733.4;6619398.4;473214.5;0.269782994
"ndsort benchmarks";"csv/dtlz2_n2000_m5  efficient_sequential";"sort";1;0.002864354;0.00349955489465404;14048648.3333333;3763988;283489.833333333;0.171961814
"ndsort benchmarks";"csv/dtlz2_n500_m10  deductive";"sort";1;0.00057583;0.00390557851621507;13779645.2;1100728.66666667;5507.2;0.034653366
"ndsort benchmarks";"csv/dtlz2_n500_m10  rank_intersect";"sort";1;0.000145404142857143;0.00455592422351424;1698027.625;161043.166666667;300.625;0.011688895
"ndsort benchmarks";"csv/dtlz2_n500_m10  merge";"sort";1;0.000184954;0.00612949681524103;2033289;210488.333333333;3862.16666666667;0.011857045
"ndsort benchmarks";"csv/dtlz2_n500_m10  hierarchical";"sort";1;0.0004524872;0.00317670685208176;4097790.8;794556.2;39541.8;0.027056818
"ndsort benchmarks";"csv/dtlz2_n500_m10  best_order";"sort";1;0.000390536;0.0111200002071246;2462298.4;350337;20206.2;0.02413196
"ndsort benchmarks";"csv/dtlz2_n500_m10  efficient_binary";"sort";1;0.000665225;0.00313494186421143;3742736.4;1070575.2;71085.8333333333;0.03994685
"ndsort benchmarks";"csv/dtlz2_n500_m10  efficient_sequential";"sort";1;0.0005248804;0.00175968168465281;2708875.16666667;761447.5;51106.5;0.031445228
"ndsort benchmarks";"csv/dtlz2_n500_m2  deductive";"sort";1;0.000398075833333333;0.00272464121009314;5139315.6;785734.4;37003.2;0.023901868
"ndsort benchmarks";"csv/dtlz2_n500_m2  rank_intersect";"sort";1;2.45265531914894e-05;0.00499599030877936;440217.093023256;65063.023255814;67.5918367346939;0.012113765
"ndsort benchmarks";"csv/dtlz2_n500_m2  merge";"sort";1;7.00666e-05;0.0168230069248094;948967.142857143;165151.857142857;1436.8;0.011828218
"ndsort benchmarks";"csv/dtlz2_n500_m2  hierarchical";"sort";1;0.0002159296;0.00190439564096797;3690999.5;558762.5;10469.8;0.012966495
"ndsort benchmarks";"csv/dtlz2_n500_m2  best_order";"sort";1;8.67521538461538e-05;0.00493520180976276;1255387.75;222170.833333333;1529.75;0.011728135
"ndsort benchmarks";"csv/dtlz2_n500_m2  efficient_binary";"sort";1;4.45563181818182e-05;0.00734026231051555;766739.230769231;171743.954545455;1157.54166666667;0.011725966
"ndsort benchmarks";"csv/dtlz2_n500_m2  efficient_sequential";"sort";1;3.47199393939394e-05;0.00387397509280687;653900.133333333;143586.966666667;731.029411764706;0.011989614
"ndsort benchmarks";"csv/dtlz2_n500_m3  deductive";"sort";1;0.000332828166666667;0.00544350089322229;6354866.83333333;853356.333333333;18194.6666666667;0.02003978
"ndsort benchmarks";"csv/dtlz2_n500_m3  rank_intersect";"sort";1;3.54367419354839e-05;0.00483655515182406;571068.5625;72072.71875;69.2413793103448;0.012104554
"ndsort benchmarks";"csv/dtlz2_n500_m3  merge";"sort";1;5.78829e-05;0.00470388930064792;876971.777777778;136546.5;808.666666666667;0.011803336
"ndsort benchmarks";"csv/dtlz2_n500_m3  hierarchical";"sort";1;0.000198336166666667;0.000925012685552386;2820605.33333333;435998.833333333;12893.2;0.011918604
"ndsort benchmarks";"csv/dtlz2_n500_m3  best_order";"sort";1;0.000114814333333333;0.0141225333410537;1261727.11111111;211103.111111111;3555;0.011683546
"ndsort benchmarks";"csv/dtlz2_n500_m3  efficient_binary";"sort";1;0.000102472545454545;0.00486744676564412;1164114.36363636;282788.181818182;5379.90909090909;0.011644766
"ndsort benchmarks";"csv/dtlz2_n500_m3  efficient_sequential";"sort";1;6.69586e-05;0.0172823287379865;835356.266666667;195870.588235294;3268.93333333333;0.011533568
"ndsort benchmarks";"csv/dtlz2_n500_m5  deductive";"sort";1;0.0004252916;0.0174549726013796;9840861;961630.5;6853.5;0.026360423
"ndsort benchmarks";"csv/dtlz2_n500_m5  rank_intersect";"sort";1;6.56181176470588e-05;0.0305704450591178;881541;96701.75;151.066666666667;0.010872596
"ndsort benchmarks";"csv/dtlz2_n500_m5  merge";"sort";1;9.04852307692308e-05;0.00551672267368481;1145990;147156.272727273;1419.23076923077;0.011761827
"ndsort benchmarks";"csv/dtlz2_n500_m5  hierarchical";"sort";1;0.000288610333333333;0.00153765537422897;3101055.2;518001.6;23610.2;0.017320028
"ndsort benchmarks";"csv/dtlz2_n500_m5  best_order";"sort";1;0.000220919333333333;0.0032503253050056;1545845.6;238671.4;11661.8;0.013300344
"ndsort benchmarks";"csv/dtlz2_n500_m5  efficient_binary";"sort";1;0.0003098688;0.00504997375492676;2017360.2;530534.4;29991.6666666667;0.018544447
"ndsort benchmarks";"csv/dtlz2_n500_m5  efficient_sequential";"sort";1;0.0002274016;0.00696100068370124;1498024;384657.8;20232.8;0.013671577
"ndsort benchmarks";"csv/zdt1_n2000_m2  deductive";"sort";1;0.00438604216666667;0.00222428738257603;60799140;9796274.33333333;366450.8;0.263584559
"ndsort benchmarks";"csv/zdt1_n2000_m2  rank_intersect";"sort";1;0.0002640374;0.00222301439643689;2087993;333714.333333333;27041.4;0.015881884
"ndsort benchmarks";"csv/zdt1_n2000_m2  merge";"sort";1;0.000652949833333333;0.00137202085549406;6778240;1242900.83333333;28636.2;0.039217548
"ndsort benchmarks";"csv/zdt1_n2000_m2  hierarchical";"sort";1;0.00304366966666667;0.000807691508022735;56655353.8;8271938.8;137724;0.182963829
"ndsort benchmarks";"csv/zdt1_n2000_m2  best_order";"sort";1;0.0012076014;0.00309785578782097;11201689.5;2037095.4;43163.4;0.072526019
"ndsort benchmarks";"csv/zdt1_n2000_m2  efficient_binary";"sort";1;0.0003555245;0.00196762923458347;4443129.16666667;1039234.5;21029.6666666667;0.021400203
"ndsort benchmarks";"csv/zdt1_n2000_m2  efficient_sequential";"sort";1;0.000249650666666667;0.00499847697413002;3511899.6;806487.4;12650.8;0.014980742
"ndsort benchmarks";"csv/zdt1_n500_m2  deductive";"sort";1;0.000375146;0.00179651048570522;4877143.16666667;749385.833333333;34155.2;0.022603925
"ndsort benchmarks";"csv/zdt1_n500_m2  rank_intersect";"sort";1;2.39405833333333e-05;0.00115069585387066;427766.133333333;62643.6041666667;54.52;0.012116964
"ndsort benchmarks";"csv/zdt1_n500_m2  merge";"sort";1;7.01072666666667e-05;0.0105031319730087;953023.4;165900.666666667;1284.88235294118;0.011850875
"ndsort benchmarks";"csv/zdt1_n500_m2  hierarchical";"sort";1;0.0002403274;0.00384076533446072;4212463.8;628462.2;10878.3333333333;0.014366318
"ndsort benchmarks";"csv/zdt1_n500_m2  best_order";"sort";1;9.7884e-05;0.00641837964831279;1318793.41666667;234149.666666667;2010.7;0.011551329
"ndsort benchmarks";"csv/zdt1_n500_m2  efficient_binary";"sort";1;4.42264615384615e-05;0.00869622791722178;759702.307692308;170676.423076923;1151.84615384615;0.011595647
"ndsort benchmarks";"csv/zdt1_n500_m2  efficient_sequential";"sort";1;3.43336333333333e-05;0.00502596164662558;651153.733333333;143694.433333333;613.393939393939;0.011950534
"ndsort benchmarks";"csv/zdt2_n2000_m2  deductive";"sort";1;0.0045545755;0.00704500554678639;57053973.2;9421667.66666667;403487.333333333;0.272619596
"ndsort benchmarks";"csv/zdt2_n2000_m2  rank_intersect";"sort";1;0.0003313264;0.00661034796837675;2385602.66666667;386021.2;36034.1666666667;0.01991498
"ndsort benchmarks";"csv/zdt2_n2000_m2  merge";"sort";1;0.0012499335;0.000267845967841726;12504654.6;2324645.16666667;37355.5;0.075091342
"ndsort benchmarks";"csv/zdt2_n2000_m2  hierarchical";"sort";1;0.0030915116;0.0017759055213096;44283727;6924502.8;205987.666666667;0.18569656
"ndsort benchmarks";"csv/zdt2_n2000_m2  best_order";"sort";1;0.0011786136;0.00232685802730298;10170892.4;1819004.8;50673;0.070783896
"ndsort benchmarks";"csv/zdt2_n2000_m2  efficient_binary";"sort";1;0.00030778;0.00393145774621444;3431760.8;785095.2;20904;0.018441417
"ndsort benchmarks";"csv/zdt2_n2000_m2  efficient_sequential";"sort";1;0.0002594734;0.00570123068103609;3901415.6;902986.8;12975.2;0.015501039
"ndsort benchmarks";"csv/zdt2_n500_m2  deductive";"sort";1;0.0003989878;0.00492812568117134;4557419.66666667;718492.166666667;38607;0.023886977
"ndsort benchmarks";"csv/zdt2_n500_m2  rank_intersect";"sort";1;2.68822790697674e-05;0.00368896190198738;470400.704545455;71135.2954545455;70.8636363636364;0.012084355
"ndsort benchmarks";"csv/zdt2_n500_m2  merge";"sort";1;0.000116384333333333;0.0045706637388639;1373683.8;245929.444444444;2124.3;0.012014526
"ndsort benchmarks";"csv/zdt2_n500_m2  hierarchical";"sort";1;0.0002709192;0.0062323299703018;3619431.83333333;582958.2;18503.8;0.01627741
"ndsort benchmarks";"csv/zdt2_n500_m2  best_order";"sort";1;0.0001058919;0.0124863748494062;1370848.72727273;241211.181818182;2911.4;0.01142281
"ndsort benchmarks";"csv/zdt2_n500_m2  efficient_binary";"sort";1;3.60869666666667e-05;0.0175522588539283;661843.896551724;145553.034482759;508.71875;0.012029555
"ndsort benchmarks";"csv/zdt2_n500_m2  efficient_sequential";"sort";1;3.62967096774194e-05;0.00573859455449573;699571.466666667;155247.419354839;718.413793103448;0.012015442
